CREATE DATABASE  IF NOT EXISTS `bookmyshow` /*!40100 DEFAULT CHARACTER SET utf8mb4 COLLATE utf8mb4_0900_ai_ci */ /*!80016 DEFAULT ENCRYPTION='N' */;
USE `bookmyshow`;
-- MySQL dump 10.13  Distrib 8.0.40, for Win64 (x86_64)
--
-- Host: localhost    Database: bookmyshow
-- ------------------------------------------------------
-- Server version	9.1.0

/*!40101 SET @OLD_CHARACTER_SET_CLIENT=@@CHARACTER_SET_CLIENT */;
/*!40101 SET @OLD_CHARACTER_SET_RESULTS=@@CHARACTER_SET_RESULTS */;
/*!40101 SET @OLD_COLLATION_CONNECTION=@@COLLATION_CONNECTION */;
/*!50503 SET NAMES utf8 */;
/*!40103 SET @OLD_TIME_ZONE=@@TIME_ZONE */;
/*!40103 SET TIME_ZONE='+00:00' */;
/*!40014 SET @OLD_UNIQUE_CHECKS=@@UNIQUE_CHECKS, UNIQUE_CHECKS=0 */;
/*!40014 SET @OLD_FOREIGN_KEY_CHECKS=@@FOREIGN_KEY_CHECKS, FOREIGN_KEY_CHECKS=0 */;
/*!40101 SET @OLD_SQL_MODE=@@SQL_MODE, SQL_MODE='NO_AUTO_VALUE_ON_ZERO' */;
/*!40111 SET @OLD_SQL_NOTES=@@SQL_NOTES, SQL_NOTES=0 */;

--
-- Table structure for table `booking_seat`
--

DROP TABLE IF EXISTS `booking_seat`;
/*!40101 SET @saved_cs_client     = @@character_set_client */;
/*!50503 SET character_set_client = utf8mb4 */;
CREATE TABLE `booking_seat` (
  `booking_id` bigint NOT NULL,
  `seat_id` bigint NOT NULL,
  KEY `FKets6vrd8pnerygl6lb7n34sw1` (`seat_id`),
  KEY `FK376ijcuwemcna7br3gofnq6ya` (`booking_id`),
  CONSTRAINT `FK376ijcuwemcna7br3gofnq6ya` FOREIGN KEY (`booking_id`) REFERENCES `bookings` (`id`),
  CONSTRAINT `FKets6vrd8pnerygl6lb7n34sw1` FOREIGN KEY (`seat_id`) REFERENCES `seats` (`id`)
) ENGINE=InnoDB DEFAULT CHARSET=utf8mb4 COLLATE=utf8mb4_0900_ai_ci;
/*!40101 SET character_set_client = @saved_cs_client */;

--
-- Dumping data for table `booking_seat`
--

LOCK TABLES `booking_seat` WRITE;
/*!40000 ALTER TABLE `booking_seat` DISABLE KEYS */;
/*!40000 ALTER TABLE `booking_seat` ENABLE KEYS */;
UNLOCK TABLES;

--
-- Table structure for table `bookings`
--

DROP TABLE IF EXISTS `bookings`;
/*!40101 SET @saved_cs_client     = @@character_set_client */;
/*!50503 SET character_set_client = utf8mb4 */;
CREATE TABLE `bookings` (
  `id` bigint NOT NULL AUTO_INCREMENT,
  `booked_at` datetime(6) NOT NULL,
  `status` enum('CANCELLED','CONFIRMED','WAITING') NOT NULL,
  `total_price` double NOT NULL,
  `show_id` bigint NOT NULL,
  `user_id` bigint NOT NULL,
  PRIMARY KEY (`id`),
  KEY `FK5f9847fuaqx7qe2xug4e5pky1` (`show_id`),
  KEY `FKeyog2oic85xg7hsu2je2lx3s6` (`user_id`),
  CONSTRAINT `FK5f9847fuaqx7qe2xug4e5pky1` FOREIGN KEY (`show_id`) REFERENCES `shows` (`id`),
  CONSTRAINT `FKeyog2oic85xg7hsu2je2lx3s6` FOREIGN KEY (`user_id`) REFERENCES `users` (`id`)
) ENGINE=InnoDB DEFAULT CHARSET=utf8mb4 COLLATE=utf8mb4_0900_ai_ci;
/*!40101 SET character_set_client = @saved_cs_client */;

--
-- Dumping data for table `bookings`
--

LOCK TABLES `bookings` WRITE;
/*!40000 ALTER TABLE `bookings` DISABLE KEYS */;
/*!40000 ALTER TABLE `bookings` ENABLE KEYS */;
UNLOCK TABLES;

--
-- Table structure for table `cities`
--

DROP TABLE IF EXISTS `cities`;
/*!40101 SET @saved_cs_client     = @@character_set_client */;
/*!50503 SET character_set_client = utf8mb4 */;
CREATE TABLE `cities` (
  `id` bigint NOT NULL AUTO_INCREMENT,
  `name` varchar(255) NOT NULL,
  `pin_code` varchar(255) NOT NULL,
  `state` varchar(255) DEFAULT NULL,
  PRIMARY KEY (`id`),
  UNIQUE KEY `UKhqlsvf7wuckpgplr96ddynfek` (`pin_code`)
) ENGINE=InnoDB AUTO_INCREMENT=11 DEFAULT CHARSET=utf8mb4 COLLATE=utf8mb4_0900_ai_ci;
/*!40101 SET character_set_client = @saved_cs_client */;

--
-- Dumping data for table `cities`
--

LOCK TABLES `cities` WRITE;
/*!40000 ALTER TABLE `cities` DISABLE KEYS */;
INSERT INTO `cities` VALUES (1,'Mumbai','400001','Maharashtra'),(2,'Delhi','110001','Delhi'),(3,'Bengaluru','560001','Karnataka'),(4,'Chennai','600001','Tamil Nadu'),(5,'Kolkata','700001','West Bengal'),(6,'Hyderabad','500001','Telangana'),(7,'Pune','411001','Maharashtra'),(8,'Ahmedabad','380001','Gujarat'),(9,'Jaipur','302001','Rajasthan'),(10,'Lucknow','226001','Uttar Pradesh');
/*!40000 ALTER TABLE `cities` ENABLE KEYS */;
UNLOCK TABLES;

--
-- Table structure for table `movies`
--

DROP TABLE IF EXISTS `movies`;
/*!40101 SET @saved_cs_client     = @@character_set_client */;
/*!50503 SET character_set_client = utf8mb4 */;
CREATE TABLE `movies` (
  `id` bigint NOT NULL AUTO_INCREMENT,
  `description` varchar(255) NOT NULL,
  `duration_in_minutes` int NOT NULL,
  `genre` varchar(255) NOT NULL,
  `language` varchar(255) DEFAULT NULL,
  `poster_url` varchar(255) DEFAULT NULL,
  `rating` double NOT NULL,
  `released_date` date NOT NULL,
  `title` varchar(255) NOT NULL,
  PRIMARY KEY (`id`)
) ENGINE=InnoDB AUTO_INCREMENT=11 DEFAULT CHARSET=utf8mb4 COLLATE=utf8mb4_0900_ai_ci;
/*!40101 SET character_set_client = @saved_cs_client */;

--
-- Dumping data for table `movies`
--

LOCK TABLES `movies` WRITE;
/*!40000 ALTER TABLE `movies` DISABLE KEYS */;
INSERT INTO `movies` VALUES (1,'The rise of Pushpa continues as he faces new enemies and expands his empire.',180,'Action','Telugu','https://posters.movieposterdb.com/24_04/2024/16539454/s_pushpa-the-rule-part-2-movie-poster_023ff721.jpg',8.7,'2025-01-15','Pushpa 2: The Rule'),(2,'Bajirao Singham returns to fight corruption with even greater intensity.',165,'Action','Hindi','https://posters.movieposterdb.com/24_11/2024/11976134/s_singham-again-movie-poster_d4587498.jpg',8.2,'2025-08-15','Singham Again'),(3,'A futuristic epic blending mythology and science fiction in a dystopian world.',175,'Sci-Fi','Telugu','https://posters.movieposterdb.com/24_06/2024/12735488/s_kalki-2898-ad-movie-poster_601b6197.jpg',9,'2025-05-10','Kalki 2898 AD'),(4,'A vigilante fights corruption and injustice in society.',160,'Action','Hindi','https://www.filmyzilla35.com/site_uploads/duplicate/thumb_Jawan-(2023)-hindi-movie.jpg',8,'2023-09-07','Jawan'),(5,'A gang leader rises in the underworld while facing betrayal.',175,'Action','Telugu','https://www.filmyzilla35.com/files/images/Salaar-(2023)-south-indian-hindi-dubbed-movie.jpg',8.5,'2023-12-22','Salaar'),(6,'The mystery of a haunted town continues with new twists.',135,'Horror','Hindi','https://i.pinimg.com/736x/da/cf/9c/dacf9c6beb0f5830994ac13e3c7b0311.jpg',7.8,'2024-08-15','Stree 2'),(7,'A man\'s violent past resurfaces, threatening everything he has built.',165,'Action','Tamil','https://posters.movieposterdb.com/23_12/2023/15654328/l_leo-movie-poster_4162dbaa.jpg',8.3,'2025-09-30','Leo 2'),(8,'A young man discovers his connection to ancient astras.',165,'Fantasy','Hindi','https://posters.movieposterdb.com/22_12/2019/6277462/l_brahmastra-movie-poster_5a3b4733.jpg',7.5,'2022-09-09','Brahmastra Part One'),(9,'Rocky expands his empire while facing powerful enemies.',168,'Action','Kannada','https://posters.movieposterdb.com/23_09/2022/10698680/l_kgf-chapter-2-movie-poster_c89d5120.jpg',8.8,'2022-04-14','KGF Chapter 2'),(10,'A man protects his family from a relentless investigation.',145,'Thriller','Hindi','https://posters.movieposterdb.com/23_02/2022/15501640/l_drishyam-2-movie-poster_c2a6fbcd.jpg',8.6,'2022-11-18','Drishyam 2');
/*!40000 ALTER TABLE `movies` ENABLE KEYS */;
UNLOCK TABLES;

--
-- Table structure for table `screens`
--

DROP TABLE IF EXISTS `screens`;
/*!40101 SET @saved_cs_client     = @@character_set_client */;
/*!50503 SET character_set_client = utf8mb4 */;
CREATE TABLE `screens` (
  `id` bigint NOT NULL AUTO_INCREMENT,
  `name` varchar(255) NOT NULL,
  `total_seats` int NOT NULL,
  `theater_id` bigint NOT NULL,
  PRIMARY KEY (`id`),
  KEY `FKdrs70bhkgcu475w8a9ewgoy6h` (`theater_id`),
  CONSTRAINT `FKdrs70bhkgcu475w8a9ewgoy6h` FOREIGN KEY (`theater_id`) REFERENCES `theaters` (`id`)
) ENGINE=InnoDB AUTO_INCREMENT=11 DEFAULT CHARSET=utf8mb4 COLLATE=utf8mb4_0900_ai_ci;
/*!40101 SET character_set_client = @saved_cs_client */;

--
-- Dumping data for table `screens`
--

LOCK TABLES `screens` WRITE;
/*!40000 ALTER TABLE `screens` DISABLE KEYS */;
INSERT INTO `screens` VALUES (1,'Screen 1',150,1),(2,'Screen 2',120,2),(3,'IMAX Screen',300,3),(4,'4DX Screen',100,4),(5,'Gold Class',80,5),(6,'Screen A',140,6),(7,'Screen B',130,7),(8,'Luxury Screen',90,8),(9,'Dolby Atmos',200,9),(10,'Mini Screen',70,10);
/*!40000 ALTER TABLE `screens` ENABLE KEYS */;
UNLOCK TABLES;

--
-- Table structure for table `seats`
--

DROP TABLE IF EXISTS `seats`;
/*!40101 SET @saved_cs_client     = @@character_set_client */;
/*!50503 SET character_set_client = utf8mb4 */;
CREATE TABLE `seats` (
  `id` bigint NOT NULL AUTO_INCREMENT,
  `seat_col` int DEFAULT NULL,
  `seat_row` varchar(255) DEFAULT NULL,
  `seat_number` varchar(255) NOT NULL,
  `seat_type` enum('PREMIUM','REGULAR','VIP') DEFAULT NULL,
  `screen_id` bigint NOT NULL,
  PRIMARY KEY (`id`),
  KEY `FKle5tj2wlw9xe9wat223f2dq8j` (`screen_id`),
  CONSTRAINT `FKle5tj2wlw9xe9wat223f2dq8j` FOREIGN KEY (`screen_id`) REFERENCES `screens` (`id`)
) ENGINE=InnoDB AUTO_INCREMENT=1591 DEFAULT CHARSET=utf8mb4 COLLATE=utf8mb4_0900_ai_ci;
/*!40101 SET character_set_client = @saved_cs_client */;

--
-- Dumping data for table `seats`
--

LOCK TABLES `seats` WRITE;
/*!40000 ALTER TABLE `seats` DISABLE KEYS */;
INSERT INTO `seats` VALUES (1,1,'A','A1','REGULAR',1),(2,2,'A','A2','REGULAR',1),(3,3,'A','A3','REGULAR',1),(4,4,'A','A4','REGULAR',1),(5,5,'A','A5','REGULAR',1),(6,6,'A','A6','REGULAR',1),(7,7,'A','A7','REGULAR',1),(8,8,'A','A8','REGULAR',1),(9,9,'A','A9','REGULAR',1),(10,10,'A','A10','REGULAR',1),(11,1,'B','B1','REGULAR',1),(12,2,'B','B2','REGULAR',1),(13,3,'B','B3','REGULAR',1),(14,4,'B','B4','REGULAR',1),(15,5,'B','B5','REGULAR',1),(16,6,'B','B6','REGULAR',1),(17,7,'B','B7','REGULAR',1),(18,8,'B','B8','REGULAR',1),(19,9,'B','B9','REGULAR',1),(20,10,'B','B10','REGULAR',1),(21,1,'C','C1','REGULAR',1),(22,2,'C','C2','REGULAR',1),(23,3,'C','C3','REGULAR',1),(24,4,'C','C4','REGULAR',1),(25,5,'C','C5','REGULAR',1),(26,6,'C','C6','REGULAR',1),(27,7,'C','C7','REGULAR',1),(28,8,'C','C8','REGULAR',1),(29,9,'C','C9','REGULAR',1),(30,10,'C','C10','REGULAR',1),(31,9,'N','N9','VIP',1),(32,10,'N','N10','VIP',1),(33,1,'O','O1','VIP',1),(34,2,'O','O2','VIP',1),(35,3,'O','O3','VIP',1),(36,4,'O','O4','VIP',1),(37,5,'O','O5','VIP',1),(38,6,'O','O6','VIP',1),(39,7,'O','O7','VIP',1),(40,8,'O','O8','VIP',1),(41,9,'O','O9','VIP',1),(42,10,'O','O10','VIP',1),(43,1,'D','D1','REGULAR',1),(44,2,'D','D2','REGULAR',1),(45,3,'D','D3','REGULAR',1),(46,4,'D','D4','REGULAR',1),(47,5,'D','D5','REGULAR',1),(48,6,'D','D6','REGULAR',1),(49,7,'D','D7','REGULAR',1),(50,8,'D','D8','REGULAR',1),(51,9,'D','D9','REGULAR',1),(52,10,'D','D10','REGULAR',1),(53,1,'E','E1','REGULAR',1),(54,2,'E','E2','REGULAR',1),(55,3,'E','E3','REGULAR',1),(56,4,'E','E4','REGULAR',1),(57,5,'E','E5','REGULAR',1),(58,6,'E','E6','REGULAR',1),(59,7,'E','E7','REGULAR',1),(60,8,'E','E8','REGULAR',1),(61,9,'E','E9','REGULAR',1),(62,10,'E','E10','REGULAR',1),(63,1,'F','F1','REGULAR',1),(64,2,'F','F2','REGULAR',1),(65,3,'F','F3','REGULAR',1),(66,4,'F','F4','REGULAR',1),(67,5,'F','F5','REGULAR',1),(68,6,'F','F6','REGULAR',1),(69,7,'F','F7','REGULAR',1),(70,8,'F','F8','REGULAR',1),(71,9,'F','F9','REGULAR',1),(72,10,'F','F10','REGULAR',1),(73,1,'G','G1','REGULAR',1),(74,2,'G','G2','REGULAR',1),(75,3,'G','G3','REGULAR',1),(76,4,'G','G4','REGULAR',1),(77,5,'G','G5','REGULAR',1),(78,6,'G','G6','REGULAR',1),(79,7,'G','G7','REGULAR',1),(80,8,'G','G8','REGULAR',1),(81,9,'G','G9','REGULAR',1),(82,10,'G','G10','REGULAR',1),(83,1,'H','H1','REGULAR',1),(84,2,'H','H2','REGULAR',1),(85,3,'H','H3','REGULAR',1),(86,4,'H','H4','REGULAR',1),(87,5,'H','H5','REGULAR',1),(88,6,'H','H6','REGULAR',1),(89,7,'H','H7','REGULAR',1),(90,8,'H','H8','REGULAR',1),(91,9,'H','H9','REGULAR',1),(92,10,'H','H10','REGULAR',1),(93,1,'I','I1','REGULAR',1),(94,2,'I','I2','REGULAR',1),(95,3,'I','I3','REGULAR',1),(96,4,'I','I4','REGULAR',1),(97,5,'I','I5','REGULAR',1),(98,6,'I','I6','REGULAR',1),(99,7,'I','I7','REGULAR',1),(100,8,'I','I8','REGULAR',1),(101,9,'I','I9','REGULAR',1),(102,10,'I','I10','REGULAR',1),(103,1,'J','J1','REGULAR',1),(104,2,'J','J2','REGULAR',1),(105,3,'J','J3','REGULAR',1),(106,4,'J','J4','REGULAR',1),(107,5,'J','J5','REGULAR',1),(108,6,'J','J6','REGULAR',1),(109,7,'J','J7','REGULAR',1),(110,8,'J','J8','REGULAR',1),(111,9,'J','J9','REGULAR',1),(112,10,'J','J10','REGULAR',1),(113,1,'K','K1','PREMIUM',1),(114,2,'K','K2','PREMIUM',1),(115,3,'K','K3','PREMIUM',1),(116,4,'K','K4','PREMIUM',1),(117,5,'K','K5','PREMIUM',1),(118,6,'K','K6','PREMIUM',1),(119,7,'K','K7','PREMIUM',1),(120,8,'K','K8','PREMIUM',1),(121,9,'K','K9','PREMIUM',1),(122,10,'K','K10','PREMIUM',1),(123,1,'L','L1','PREMIUM',1),(124,2,'L','L2','PREMIUM',1),(125,3,'L','L3','PREMIUM',1),(126,4,'L','L4','PREMIUM',1),(127,5,'L','L5','PREMIUM',1),(128,6,'L','L6','PREMIUM',1),(129,7,'L','L7','PREMIUM',1),(130,8,'L','L8','PREMIUM',1),(131,9,'L','L9','PREMIUM',1),(132,10,'L','L10','PREMIUM',1),(133,1,'M','M1','PREMIUM',1),(134,2,'M','M2','PREMIUM',1),(135,3,'M','M3','PREMIUM',1),(136,4,'M','M4','PREMIUM',1),(137,5,'M','M5','PREMIUM',1),(138,6,'M','M6','PREMIUM',1),(139,7,'M','M7','PREMIUM',1),(140,8,'M','M8','PREMIUM',1),(141,9,'M','M9','PREMIUM',1),(142,10,'M','M10','PREMIUM',1),(143,1,'N','N1','VIP',1),(144,2,'N','N2','VIP',1),(145,3,'N','N3','VIP',1),(146,4,'N','N4','VIP',1),(147,5,'N','N5','VIP',1),(148,6,'N','N6','VIP',1),(149,7,'N','N7','VIP',1),(150,8,'N','N8','VIP',1),(151,1,'A','A1','REGULAR',2),(152,2,'A','A2','REGULAR',2),(153,3,'A','A3','REGULAR',2),(154,4,'A','A4','REGULAR',2),(155,5,'A','A5','REGULAR',2),(156,6,'A','A6','REGULAR',2),(157,7,'A','A7','REGULAR',2),(158,8,'A','A8','REGULAR',2),(159,9,'A','A9','REGULAR',2),(160,10,'A','A10','REGULAR',2),(161,11,'A','A11','REGULAR',2),(162,12,'A','A12','REGULAR',2),(163,13,'A','A13','REGULAR',2),(164,14,'A','A14','REGULAR',2),(165,15,'A','A15','REGULAR',2),(166,1,'B','B1','REGULAR',2),(167,2,'B','B2','REGULAR',2),(168,3,'B','B3','REGULAR',2),(169,4,'B','B4','REGULAR',2),(170,5,'B','B5','REGULAR',2),(171,6,'B','B6','REGULAR',2),(172,7,'B','B7','REGULAR',2),(173,8,'B','B8','REGULAR',2),(174,9,'B','B9','REGULAR',2),(175,10,'B','B10','REGULAR',2),(176,11,'B','B11','REGULAR',2),(177,12,'B','B12','REGULAR',2),(178,13,'B','B13','REGULAR',2),(179,14,'B','B14','REGULAR',2),(180,15,'B','B15','REGULAR',2),(181,1,'C','C1','REGULAR',2),(182,2,'C','C2','REGULAR',2),(183,3,'C','C3','REGULAR',2),(184,4,'C','C4','REGULAR',2),(185,5,'C','C5','REGULAR',2),(186,6,'C','C6','REGULAR',2),(187,7,'C','C7','REGULAR',2),(188,8,'C','C8','REGULAR',2),(189,9,'C','C9','REGULAR',2),(190,10,'C','C10','REGULAR',2),(191,11,'C','C11','REGULAR',2),(192,12,'C','C12','REGULAR',2),(193,13,'C','C13','REGULAR',2),(194,14,'C','C14','REGULAR',2),(195,15,'C','C15','REGULAR',2),(196,1,'D','D1','REGULAR',2),(197,2,'D','D2','REGULAR',2),(198,3,'D','D3','REGULAR',2),(199,4,'D','D4','REGULAR',2),(200,5,'D','D5','REGULAR',2),(201,6,'D','D6','REGULAR',2),(202,7,'D','D7','REGULAR',2),(203,8,'D','D8','REGULAR',2),(204,9,'D','D9','REGULAR',2),(205,10,'D','D10','REGULAR',2),(206,11,'D','D11','REGULAR',2),(207,12,'D','D12','REGULAR',2),(208,13,'D','D13','REGULAR',2),(209,14,'D','D14','REGULAR',2),(210,15,'D','D15','REGULAR',2),(211,1,'E','E1','REGULAR',2),(212,2,'E','E2','REGULAR',2),(213,3,'E','E3','REGULAR',2),(214,4,'E','E4','REGULAR',2),(215,5,'E','E5','REGULAR',2),(216,6,'E','E6','REGULAR',2),(217,7,'E','E7','REGULAR',2),(218,8,'E','E8','REGULAR',2),(219,9,'E','E9','REGULAR',2),(220,10,'E','E10','REGULAR',2),(221,11,'E','E11','REGULAR',2),(222,12,'E','E12','REGULAR',2),(223,13,'E','E13','REGULAR',2),(224,14,'E','E14','REGULAR',2),(225,15,'E','E15','REGULAR',2),(226,1,'F','F1','PREMIUM',2),(227,2,'F','F2','PREMIUM',2),(228,3,'F','F3','PREMIUM',2),(229,4,'F','F4','PREMIUM',2),(230,5,'F','F5','PREMIUM',2),(231,6,'F','F6','PREMIUM',2),(232,7,'F','F7','PREMIUM',2),(233,8,'F','F8','PREMIUM',2),(234,9,'F','F9','PREMIUM',2),(235,10,'F','F10','PREMIUM',2),(236,11,'F','F11','PREMIUM',2),(237,12,'F','F12','PREMIUM',2),(238,13,'F','F13','PREMIUM',2),(239,14,'F','F14','PREMIUM',2),(240,15,'F','F15','PREMIUM',2),(241,1,'G','G1','PREMIUM',2),(242,2,'G','G2','PREMIUM',2),(243,3,'G','G3','PREMIUM',2),(244,4,'G','G4','PREMIUM',2),(245,5,'G','G5','PREMIUM',2),(246,6,'G','G6','PREMIUM',2),(247,7,'G','G7','PREMIUM',2),(248,8,'G','G8','PREMIUM',2),(249,9,'G','G9','PREMIUM',2),(250,10,'G','G10','PREMIUM',2),(251,11,'G','G11','PREMIUM',2),(252,12,'G','G12','PREMIUM',2),(253,13,'G','G13','PREMIUM',2),(254,14,'G','G14','PREMIUM',2),(255,15,'G','G15','PREMIUM',2),(256,1,'H','H1','VIP',2),(257,2,'H','H2','VIP',2),(258,3,'H','H3','VIP',2),(259,4,'H','H4','VIP',2),(260,5,'H','H5','VIP',2),(261,6,'H','H6','VIP',2),(262,7,'H','H7','VIP',2),(263,8,'H','H8','VIP',2),(264,9,'H','H9','VIP',2),(265,10,'H','H10','VIP',2),(266,11,'H','H11','VIP',2),(267,12,'H','H12','VIP',2),(268,13,'H','H13','VIP',2),(269,14,'H','H14','VIP',2),(270,15,'H','H15','VIP',2),(271,1,'A','A1','REGULAR',3),(272,2,'A','A2','REGULAR',3),(273,3,'A','A3','REGULAR',3),(274,4,'A','A4','REGULAR',3),(275,5,'A','A5','REGULAR',3),(276,6,'A','A6','REGULAR',3),(277,7,'A','A7','REGULAR',3),(278,8,'A','A8','REGULAR',3),(279,9,'A','A9','REGULAR',3),(280,10,'A','A10','REGULAR',3),(281,11,'A','A11','REGULAR',3),(282,12,'A','A12','REGULAR',3),(283,13,'A','A13','REGULAR',3),(284,14,'A','A14','REGULAR',3),(285,15,'A','A15','REGULAR',3),(286,1,'B','B1','REGULAR',3),(287,2,'B','B2','REGULAR',3),(288,3,'B','B3','REGULAR',3),(289,4,'B','B4','REGULAR',3),(290,5,'B','B5','REGULAR',3),(291,6,'B','B6','REGULAR',3),(292,7,'B','B7','REGULAR',3),(293,8,'B','B8','REGULAR',3),(294,9,'B','B9','REGULAR',3),(295,10,'B','B10','REGULAR',3),(296,11,'B','B11','REGULAR',3),(297,12,'B','B12','REGULAR',3),(298,13,'B','B13','REGULAR',3),(299,14,'B','B14','REGULAR',3),(300,15,'B','B15','REGULAR',3),(301,1,'C','C1','REGULAR',3),(302,2,'C','C2','REGULAR',3),(303,3,'C','C3','REGULAR',3),(304,4,'C','C4','REGULAR',3),(305,5,'C','C5','REGULAR',3),(306,6,'C','C6','REGULAR',3),(307,7,'C','C7','REGULAR',3),(308,8,'C','C8','REGULAR',3),(309,9,'C','C9','REGULAR',3),(310,10,'C','C10','REGULAR',3),(311,11,'C','C11','REGULAR',3),(312,12,'C','C12','REGULAR',3),(313,13,'C','C13','REGULAR',3),(314,14,'C','C14','REGULAR',3),(315,15,'C','C15','REGULAR',3),(316,1,'D','D1','REGULAR',3),(317,2,'D','D2','REGULAR',3),(318,3,'D','D3','REGULAR',3),(319,4,'D','D4','REGULAR',3),(320,5,'D','D5','REGULAR',3),(321,6,'D','D6','REGULAR',3),(322,7,'D','D7','REGULAR',3),(323,8,'D','D8','REGULAR',3),(324,9,'D','D9','REGULAR',3),(325,10,'D','D10','REGULAR',3),(326,11,'D','D11','REGULAR',3),(327,12,'D','D12','REGULAR',3),(328,13,'D','D13','REGULAR',3),(329,14,'D','D14','REGULAR',3),(330,15,'D','D15','REGULAR',3),(331,1,'E','E1','REGULAR',3),(332,2,'E','E2','REGULAR',3),(333,3,'E','E3','REGULAR',3),(334,4,'E','E4','REGULAR',3),(335,5,'E','E5','REGULAR',3),(336,6,'E','E6','REGULAR',3),(337,7,'E','E7','REGULAR',3),(338,8,'E','E8','REGULAR',3),(339,9,'E','E9','REGULAR',3),(340,10,'E','E10','REGULAR',3),(341,11,'E','E11','REGULAR',3),(342,12,'E','E12','REGULAR',3),(343,13,'E','E13','REGULAR',3),(344,14,'E','E14','REGULAR',3),(345,15,'E','E15','REGULAR',3),(346,1,'F','F1','REGULAR',3),(347,2,'F','F2','REGULAR',3),(348,3,'F','F3','REGULAR',3),(349,4,'F','F4','REGULAR',3),(350,5,'F','F5','REGULAR',3),(351,6,'F','F6','REGULAR',3),(352,7,'F','F7','REGULAR',3),(353,8,'F','F8','REGULAR',3),(354,9,'F','F9','REGULAR',3),(355,10,'F','F10','REGULAR',3),(356,11,'F','F11','REGULAR',3),(357,12,'F','F12','REGULAR',3),(358,13,'F','F13','REGULAR',3),(359,14,'F','F14','REGULAR',3),(360,15,'F','F15','REGULAR',3),(361,1,'G','G1','REGULAR',3),(362,2,'G','G2','REGULAR',3),(363,3,'G','G3','REGULAR',3),(364,4,'G','G4','REGULAR',3),(365,5,'G','G5','REGULAR',3),(366,6,'G','G6','REGULAR',3),(367,7,'G','G7','REGULAR',3),(368,8,'G','G8','REGULAR',3),(369,9,'G','G9','REGULAR',3),(370,10,'G','G10','REGULAR',3),(371,11,'G','G11','REGULAR',3),(372,12,'G','G12','REGULAR',3),(373,13,'G','G13','REGULAR',3),(374,14,'G','G14','REGULAR',3),(375,15,'G','G15','REGULAR',3),(376,1,'H','H1','PREMIUM',3),(377,2,'H','H2','PREMIUM',3),(378,3,'H','H3','PREMIUM',3),(379,4,'H','H4','PREMIUM',3),(380,5,'H','H5','PREMIUM',3),(381,6,'H','H6','PREMIUM',3),(382,7,'H','H7','PREMIUM',3),(383,8,'H','H8','PREMIUM',3),(384,9,'H','H9','PREMIUM',3),(385,10,'H','H10','PREMIUM',3),(386,11,'H','H11','PREMIUM',3),(387,12,'H','H12','PREMIUM',3),(388,13,'H','H13','PREMIUM',3),(389,14,'H','H14','PREMIUM',3),(390,15,'H','H15','PREMIUM',3),(391,1,'I','I1','PREMIUM',3),(392,2,'I','I2','PREMIUM',3),(393,3,'I','I3','PREMIUM',3),(394,4,'I','I4','PREMIUM',3),(395,5,'I','I5','PREMIUM',3),(396,6,'I','I6','PREMIUM',3),(397,7,'I','I7','PREMIUM',3),(398,8,'I','I8','PREMIUM',3),(399,9,'I','I9','PREMIUM',3),(400,10,'I','I10','PREMIUM',3),(401,11,'I','I11','PREMIUM',3),(402,12,'I','I12','PREMIUM',3),(403,13,'I','I13','PREMIUM',3),(404,14,'I','I14','PREMIUM',3),(405,15,'I','I15','PREMIUM',3),(406,1,'J','J1','VIP',3),(407,2,'J','J2','VIP',3),(408,3,'J','J3','VIP',3),(409,4,'J','J4','VIP',3),(410,5,'J','J5','VIP',3),(411,6,'J','J6','VIP',3),(412,7,'J','J7','VIP',3),(413,8,'J','J8','VIP',3),(414,9,'J','J9','VIP',3),(415,10,'J','J10','VIP',3),(416,11,'J','J11','VIP',3),(417,12,'J','J12','VIP',3),(418,13,'J','J13','VIP',3),(419,14,'J','J14','VIP',3),(420,15,'J','J15','VIP',3),(421,1,'K','K1','PREMIUM',3),(422,2,'K','K2','PREMIUM',3),(423,3,'K','K3','PREMIUM',3),(424,4,'K','K4','PREMIUM',3),(425,5,'K','K5','PREMIUM',3),(426,6,'K','K6','PREMIUM',3),(427,7,'K','K7','PREMIUM',3),(428,8,'K','K8','PREMIUM',3),(429,9,'K','K9','PREMIUM',3),(430,10,'K','K10','PREMIUM',3),(431,11,'K','K11','PREMIUM',3),(432,12,'K','K12','PREMIUM',3),(433,13,'K','K13','PREMIUM',3),(434,14,'K','K14','PREMIUM',3),(435,15,'K','K15','PREMIUM',3),(436,1,'L','L1','PREMIUM',3),(437,2,'L','L2','PREMIUM',3),(438,3,'L','L3','PREMIUM',3),(439,4,'L','L4','PREMIUM',3),(440,5,'L','L5','PREMIUM',3),(441,6,'L','L6','PREMIUM',3),(442,7,'L','L7','PREMIUM',3),(443,8,'L','L8','PREMIUM',3),(444,9,'L','L9','PREMIUM',3),(445,10,'L','L10','PREMIUM',3),(446,11,'L','L11','PREMIUM',3),(447,12,'L','L12','PREMIUM',3),(448,13,'L','L13','PREMIUM',3),(449,14,'L','L14','PREMIUM',3),(450,15,'L','L15','PREMIUM',3),(451,1,'M','M1','PREMIUM',3),(452,2,'M','M2','PREMIUM',3),(453,3,'M','M3','PREMIUM',3),(454,4,'M','M4','PREMIUM',3),(455,5,'M','M5','PREMIUM',3),(456,6,'M','M6','PREMIUM',3),(457,7,'M','M7','PREMIUM',3),(458,8,'M','M8','PREMIUM',3),(459,9,'M','M9','PREMIUM',3),(460,10,'M','M10','PREMIUM',3),(461,11,'M','M11','PREMIUM',3),(462,12,'M','M12','PREMIUM',3),(463,13,'M','M13','PREMIUM',3),(464,14,'M','M14','PREMIUM',3),(465,15,'M','M15','PREMIUM',3),(466,1,'N','N1','VIP',3),(467,2,'N','N2','VIP',3),(468,3,'N','N3','VIP',3),(469,4,'N','N4','VIP',3),(470,5,'N','N5','VIP',3),(471,6,'N','N6','VIP',3),(472,7,'N','N7','VIP',3),(473,8,'N','N8','VIP',3),(474,9,'N','N9','VIP',3),(475,10,'N','N10','VIP',3),(476,11,'N','N11','VIP',3),(477,12,'N','N12','VIP',3),(478,13,'N','N13','VIP',3),(479,14,'N','N14','VIP',3),(480,15,'N','N15','VIP',3),(481,1,'O','O1','VIP',3),(482,2,'O','O2','VIP',3),(483,3,'O','O3','VIP',3),(484,4,'O','O4','VIP',3),(485,5,'O','O5','VIP',3),(486,6,'O','O6','VIP',3),(487,7,'O','O7','VIP',3),(488,8,'O','O8','VIP',3),(489,9,'O','O9','VIP',3),(490,10,'O','O10','VIP',3),(491,11,'O','O11','VIP',3),(492,12,'O','O12','VIP',3),(493,13,'O','O13','VIP',3),(494,14,'O','O14','VIP',3),(495,15,'O','O15','VIP',3),(496,1,'P','P1','VIP',3),(497,2,'P','P2','VIP',3),(498,3,'P','P3','VIP',3),(499,4,'P','P4','VIP',3),(500,5,'P','P5','VIP',3),(501,6,'P','P6','VIP',3),(502,7,'P','P7','VIP',3),(503,8,'P','P8','VIP',3),(504,9,'P','P9','VIP',3),(505,10,'P','P10','VIP',3),(506,11,'P','P11','VIP',3),(507,12,'P','P12','VIP',3),(508,13,'P','P13','VIP',3),(509,14,'P','P14','VIP',3),(510,15,'P','P15','VIP',3),(511,1,'A','A1','REGULAR',4),(512,2,'A','A2','REGULAR',4),(513,3,'A','A3','REGULAR',4),(514,4,'A','A4','REGULAR',4),(515,5,'A','A5','REGULAR',4),(516,6,'A','A6','REGULAR',4),(517,7,'A','A7','REGULAR',4),(518,8,'A','A8','REGULAR',4),(519,9,'A','A9','REGULAR',4),(520,10,'A','A10','REGULAR',4),(521,1,'B','B1','REGULAR',4),(522,2,'B','B2','REGULAR',4),(523,3,'B','B3','REGULAR',4),(524,4,'B','B4','REGULAR',4),(525,5,'B','B5','REGULAR',4),(526,6,'B','B6','REGULAR',4),(527,7,'B','B7','REGULAR',4),(528,8,'B','B8','REGULAR',4),(529,9,'B','B9','REGULAR',4),(530,10,'B','B10','REGULAR',4),(531,1,'C','C1','REGULAR',4),(532,2,'C','C2','REGULAR',4),(533,3,'C','C3','REGULAR',4),(534,4,'C','C4','REGULAR',4),(535,5,'C','C5','REGULAR',4),(536,6,'C','C6','REGULAR',4),(537,7,'C','C7','REGULAR',4),(538,8,'C','C8','REGULAR',4),(539,9,'C','C9','REGULAR',4),(540,10,'C','C10','REGULAR',4),(541,1,'D','D1','REGULAR',4),(542,2,'D','D2','REGULAR',4),(543,3,'D','D3','REGULAR',4),(544,4,'D','D4','REGULAR',4),(545,5,'D','D5','REGULAR',4),(546,6,'D','D6','REGULAR',4),(547,7,'D','D7','REGULAR',4),(548,8,'D','D8','REGULAR',4),(549,9,'D','D9','REGULAR',4),(550,10,'D','D10','REGULAR',4),(551,1,'E','E1','REGULAR',4),(552,2,'E','E2','REGULAR',4),(553,3,'E','E3','REGULAR',4),(554,4,'E','E4','REGULAR',4),(555,5,'E','E5','REGULAR',4),(556,6,'E','E6','REGULAR',4),(557,7,'E','E7','REGULAR',4),(558,8,'E','E8','REGULAR',4),(559,9,'E','E9','REGULAR',4),(560,10,'E','E10','REGULAR',4),(561,1,'F','F1','REGULAR',4),(562,2,'F','F2','REGULAR',4),(563,3,'F','F3','REGULAR',4),(564,4,'F','F4','REGULAR',4),(565,5,'F','F5','REGULAR',4),(566,6,'F','F6','REGULAR',4),(567,7,'F','F7','REGULAR',4),(568,8,'F','F8','REGULAR',4),(569,9,'F','F9','REGULAR',4),(570,10,'F','F10','REGULAR',4),(571,1,'G','G1','PREMIUM',4),(572,2,'G','G2','PREMIUM',4),(573,3,'G','G3','PREMIUM',4),(574,4,'G','G4','PREMIUM',4),(575,5,'G','G5','PREMIUM',4),(576,6,'G','G6','PREMIUM',4),(577,7,'G','G7','PREMIUM',4),(578,8,'G','G8','PREMIUM',4),(579,9,'G','G9','PREMIUM',4),(580,10,'G','G10','PREMIUM',4),(581,1,'H','H1','PREMIUM',4),(582,2,'H','H2','PREMIUM',4),(583,3,'H','H3','PREMIUM',4),(584,4,'H','H4','PREMIUM',4),(585,5,'H','H5','PREMIUM',4),(586,6,'H','H6','PREMIUM',4),(587,7,'H','H7','PREMIUM',4),(588,8,'H','H8','PREMIUM',4),(589,9,'H','H9','PREMIUM',4),(590,10,'H','H10','PREMIUM',4),(591,1,'I','I1','VIP',4),(592,2,'I','I2','VIP',4),(593,3,'I','I3','VIP',4),(594,4,'I','I4','VIP',4),(595,5,'I','I5','VIP',4),(596,6,'I','I6','VIP',4),(597,7,'I','I7','VIP',4),(598,8,'I','I8','VIP',4),(599,9,'I','I9','VIP',4),(600,10,'I','I10','VIP',4),(601,1,'J','J1','VIP',4),(602,2,'J','J2','VIP',4),(603,3,'J','J3','VIP',4),(604,4,'J','J4','VIP',4),(605,5,'J','J5','VIP',4),(606,6,'J','J6','VIP',4),(607,7,'J','J7','VIP',4),(608,8,'J','J8','VIP',4),(609,9,'J','J9','VIP',4),(610,10,'J','J10','VIP',4),(611,1,'A','A1','REGULAR',5),(612,2,'A','A2','REGULAR',5),(613,3,'A','A3','REGULAR',5),(614,4,'A','A4','REGULAR',5),(615,5,'A','A5','REGULAR',5),(616,6,'A','A6','REGULAR',5),(617,7,'A','A7','REGULAR',5),(618,8,'A','A8','REGULAR',5),(619,9,'A','A9','REGULAR',5),(620,10,'A','A10','REGULAR',5),(621,1,'B','B1','REGULAR',5),(622,2,'B','B2','REGULAR',5),(623,3,'B','B3','REGULAR',5),(624,4,'B','B4','REGULAR',5),(625,5,'B','B5','REGULAR',5),(626,6,'B','B6','REGULAR',5),(627,7,'B','B7','REGULAR',5),(628,8,'B','B8','REGULAR',5),(629,9,'B','B9','REGULAR',5),(630,10,'B','B10','REGULAR',5),(631,1,'C','C1','REGULAR',5),(632,2,'C','C2','REGULAR',5),(633,3,'C','C3','REGULAR',5),(634,4,'C','C4','REGULAR',5),(635,5,'C','C5','REGULAR',5),(636,6,'C','C6','REGULAR',5),(637,7,'C','C7','REGULAR',5),(638,8,'C','C8','REGULAR',5),(639,9,'C','C9','REGULAR',5),(640,10,'C','C10','REGULAR',5),(641,1,'D','D1','REGULAR',5),(642,2,'D','D2','REGULAR',5),(643,3,'D','D3','REGULAR',5),(644,4,'D','D4','REGULAR',5),(645,5,'D','D5','REGULAR',5),(646,6,'D','D6','REGULAR',5),(647,7,'D','D7','REGULAR',5),(648,8,'D','D8','REGULAR',5),(649,9,'D','D9','REGULAR',5),(650,10,'D','D10','REGULAR',5),(651,1,'E','E1','REGULAR',5),(652,2,'E','E2','REGULAR',5),(653,3,'E','E3','REGULAR',5),(654,4,'E','E4','REGULAR',5),(655,5,'E','E5','REGULAR',5),(656,6,'E','E6','REGULAR',5),(657,7,'E','E7','REGULAR',5),(658,8,'E','E8','REGULAR',5),(659,9,'E','E9','REGULAR',5),(660,10,'E','E10','REGULAR',5),(661,1,'F','F1','PREMIUM',5),(662,2,'F','F2','PREMIUM',5),(663,3,'F','F3','PREMIUM',5),(664,4,'F','F4','PREMIUM',5),(665,5,'F','F5','PREMIUM',5),(666,6,'F','F6','PREMIUM',5),(667,7,'F','F7','PREMIUM',5),(668,8,'F','F8','PREMIUM',5),(669,9,'F','F9','PREMIUM',5),(670,10,'F','F10','PREMIUM',5),(671,1,'G','G1','PREMIUM',5),(672,2,'G','G2','PREMIUM',5),(673,3,'G','G3','PREMIUM',5),(674,4,'G','G4','PREMIUM',5),(675,5,'G','G5','PREMIUM',5),(676,6,'G','G6','PREMIUM',5),(677,7,'G','G7','PREMIUM',5),(678,8,'G','G8','PREMIUM',5),(679,9,'G','G9','PREMIUM',5),(680,10,'G','G10','PREMIUM',5),(681,1,'H','H1','VIP',5),(682,2,'H','H2','VIP',5),(683,3,'H','H3','VIP',5),(684,4,'H','H4','VIP',5),(685,5,'H','H5','VIP',5),(686,6,'H','H6','VIP',5),(687,7,'H','H7','VIP',5),(688,8,'H','H8','VIP',5),(689,9,'H','H9','VIP',5),(690,10,'H','H10','VIP',5),(691,1,'A','A1','REGULAR',6),(692,2,'A','A2','REGULAR',6),(693,3,'A','A3','REGULAR',6),(694,4,'A','A4','REGULAR',6),(695,5,'A','A5','REGULAR',6),(696,6,'A','A6','REGULAR',6),(697,7,'A','A7','REGULAR',6),(698,8,'A','A8','REGULAR',6),(699,9,'A','A9','REGULAR',6),(700,10,'A','A10','REGULAR',6),(701,1,'B','B1','REGULAR',6),(702,2,'B','B2','REGULAR',6),(703,3,'B','B3','REGULAR',6),(704,4,'B','B4','REGULAR',6),(705,5,'B','B5','REGULAR',6),(706,6,'B','B6','REGULAR',6),(707,7,'B','B7','REGULAR',6),(708,8,'B','B8','REGULAR',6),(709,9,'B','B9','REGULAR',6),(710,10,'B','B10','REGULAR',6),(711,1,'C','C1','REGULAR',6),(712,2,'C','C2','REGULAR',6),(713,3,'C','C3','REGULAR',6),(714,4,'C','C4','REGULAR',6),(715,5,'C','C5','REGULAR',6),(716,6,'C','C6','REGULAR',6),(717,7,'C','C7','REGULAR',6),(718,8,'C','C8','REGULAR',6),(719,9,'C','C9','REGULAR',6),(720,10,'C','C10','REGULAR',6),(721,1,'D','D1','REGULAR',6),(722,2,'D','D2','REGULAR',6),(723,3,'D','D3','REGULAR',6),(724,4,'D','D4','REGULAR',6),(725,5,'D','D5','REGULAR',6),(726,6,'D','D6','REGULAR',6),(727,7,'D','D7','REGULAR',6),(728,8,'D','D8','REGULAR',6),(729,9,'D','D9','REGULAR',6),(730,10,'D','D10','REGULAR',6),(731,1,'E','E1','REGULAR',6),(732,2,'E','E2','REGULAR',6),(733,3,'E','E3','REGULAR',6),(734,4,'E','E4','REGULAR',6),(735,5,'E','E5','REGULAR',6),(736,6,'E','E6','REGULAR',6),(737,7,'E','E7','REGULAR',6),(738,8,'E','E8','REGULAR',6),(739,9,'E','E9','REGULAR',6),(740,10,'E','E10','REGULAR',6),(741,1,'F','F1','REGULAR',6),(742,2,'F','F2','REGULAR',6),(743,3,'F','F3','REGULAR',6),(744,4,'F','F4','REGULAR',6),(745,5,'F','F5','REGULAR',6),(746,6,'F','F6','REGULAR',6),(747,7,'F','F7','REGULAR',6),(748,8,'F','F8','REGULAR',6),(749,9,'F','F9','REGULAR',6),(750,10,'F','F10','REGULAR',6),(751,1,'G','G1','REGULAR',6),(752,2,'G','G2','REGULAR',6),(753,3,'G','G3','REGULAR',6),(754,4,'G','G4','REGULAR',6),(755,5,'G','G5','REGULAR',6),(756,6,'G','G6','REGULAR',6),(757,7,'G','G7','REGULAR',6),(758,8,'G','G8','REGULAR',6),(759,9,'G','G9','REGULAR',6),(760,10,'G','G10','REGULAR',6),(761,1,'H','H1','REGULAR',6),(762,2,'H','H2','REGULAR',6),(763,3,'H','H3','REGULAR',6),(764,4,'H','H4','REGULAR',6),(765,5,'H','H5','REGULAR',6),(766,6,'H','H6','REGULAR',6),(767,7,'H','H7','REGULAR',6),(768,8,'H','H8','REGULAR',6),(769,9,'H','H9','REGULAR',6),(770,10,'H','H10','REGULAR',6),(771,1,'I','I1','PREMIUM',6),(772,2,'I','I2','PREMIUM',6),(773,3,'I','I3','PREMIUM',6),(774,4,'I','I4','PREMIUM',6),(775,5,'I','I5','PREMIUM',6),(776,6,'I','I6','PREMIUM',6),(777,7,'I','I7','PREMIUM',6),(778,8,'I','I8','PREMIUM',6),(779,9,'I','I9','PREMIUM',6),(780,10,'I','I10','PREMIUM',6),(781,1,'J','J1','PREMIUM',6),(782,2,'J','J2','PREMIUM',6),(783,3,'J','J3','PREMIUM',6),(784,4,'J','J4','PREMIUM',6),(785,5,'J','J5','PREMIUM',6),(786,6,'J','J6','PREMIUM',6),(787,7,'J','J7','PREMIUM',6),(788,8,'J','J8','PREMIUM',6),(789,9,'J','J9','PREMIUM',6),(790,10,'J','J10','PREMIUM',6),(791,1,'K','K1','PREMIUM',6),(792,2,'K','K2','PREMIUM',6),(793,3,'K','K3','PREMIUM',6),(794,4,'K','K4','PREMIUM',6),(795,5,'K','K5','PREMIUM',6),(796,6,'K','K6','PREMIUM',6),(797,7,'K','K7','PREMIUM',6),(798,8,'K','K8','PREMIUM',6),(799,9,'K','K9','PREMIUM',6),(800,10,'K','K10','PREMIUM',6),(801,1,'L','L1','VIP',6),(802,2,'L','L2','VIP',6),(803,3,'L','L3','VIP',6),(804,4,'L','L4','VIP',6),(805,5,'L','L5','VIP',6),(806,6,'L','L6','VIP',6),(807,7,'L','L7','VIP',6),(808,8,'L','L8','VIP',6),(809,9,'L','L9','VIP',6),(810,10,'L','L10','VIP',6),(811,1,'M','M1','VIP',6),(812,2,'M','M2','VIP',6),(813,3,'M','M3','VIP',6),(814,4,'M','M4','VIP',6),(815,5,'M','M5','VIP',6),(816,6,'M','M6','VIP',6),(817,7,'M','M7','VIP',6),(818,8,'M','M8','VIP',6),(819,9,'M','M9','VIP',6),(820,10,'M','M10','VIP',6),(821,1,'N','N1','VIP',6),(822,2,'N','N2','VIP',6),(823,3,'N','N3','VIP',6),(824,4,'N','N4','VIP',6),(825,5,'N','N5','VIP',6),(826,6,'N','N6','VIP',6),(827,7,'N','N7','VIP',6),(828,8,'N','N8','VIP',6),(829,9,'N','N9','VIP',6),(830,10,'N','N10','VIP',6),(831,1,'A','A1','REGULAR',7),(832,2,'A','A2','REGULAR',7),(833,3,'A','A3','REGULAR',7),(834,4,'A','A4','REGULAR',7),(835,5,'A','A5','REGULAR',7),(836,6,'A','A6','REGULAR',7),(837,7,'A','A7','REGULAR',7),(838,8,'A','A8','REGULAR',7),(839,9,'A','A9','REGULAR',7),(840,10,'A','A10','REGULAR',7),(841,1,'B','B1','REGULAR',7),(842,2,'B','B2','REGULAR',7),(843,3,'B','B3','REGULAR',7),(844,4,'B','B4','REGULAR',7),(845,5,'B','B5','REGULAR',7),(846,6,'B','B6','REGULAR',7),(847,7,'B','B7','REGULAR',7),(848,8,'B','B8','REGULAR',7),(849,9,'B','B9','REGULAR',7),(850,10,'B','B10','REGULAR',7),(851,1,'C','C1','REGULAR',7),(852,2,'C','C2','REGULAR',7),(853,3,'C','C3','REGULAR',7),(854,4,'C','C4','REGULAR',7),(855,5,'C','C5','REGULAR',7),(856,6,'C','C6','REGULAR',7),(857,7,'C','C7','REGULAR',7),(858,8,'C','C8','REGULAR',7),(859,9,'C','C9','REGULAR',7),(860,10,'C','C10','REGULAR',7),(861,1,'D','D1','REGULAR',7),(862,2,'D','D2','REGULAR',7),(863,3,'D','D3','REGULAR',7),(864,4,'D','D4','REGULAR',7),(865,5,'D','D5','REGULAR',7),(866,6,'D','D6','REGULAR',7),(867,7,'D','D7','REGULAR',7),(868,8,'D','D8','REGULAR',7),(869,9,'D','D9','REGULAR',7),(870,10,'D','D10','REGULAR',7),(871,1,'E','E1','REGULAR',7),(872,2,'E','E2','REGULAR',7),(873,3,'E','E3','REGULAR',7),(874,4,'E','E4','REGULAR',7),(875,5,'E','E5','REGULAR',7),(876,6,'E','E6','REGULAR',7),(877,7,'E','E7','REGULAR',7),(878,8,'E','E8','REGULAR',7),(879,9,'E','E9','REGULAR',7),(880,10,'E','E10','REGULAR',7),(881,1,'F','F1','REGULAR',7),(882,2,'F','F2','REGULAR',7),(883,3,'F','F3','REGULAR',7),(884,4,'F','F4','REGULAR',7),(885,5,'F','F5','REGULAR',7),(886,6,'F','F6','REGULAR',7),(887,7,'F','F7','REGULAR',7),(888,8,'F','F8','REGULAR',7),(889,9,'F','F9','REGULAR',7),(890,10,'F','F10','REGULAR',7),(891,1,'G','G1','REGULAR',7),(892,2,'G','G2','REGULAR',7),(893,3,'G','G3','REGULAR',7),(894,4,'G','G4','REGULAR',7),(895,5,'G','G5','REGULAR',7),(896,6,'G','G6','REGULAR',7),(897,7,'G','G7','REGULAR',7),(898,8,'G','G8','REGULAR',7),(899,9,'G','G9','REGULAR',7),(900,10,'G','G10','REGULAR',7),(901,1,'H','H1','PREMIUM',7),(902,2,'H','H2','PREMIUM',7),(903,3,'H','H3','PREMIUM',7),(904,4,'H','H4','PREMIUM',7),(905,5,'H','H5','PREMIUM',7),(906,6,'H','H6','PREMIUM',7),(907,7,'H','H7','PREMIUM',7),(908,8,'H','H8','PREMIUM',7),(909,9,'H','H9','PREMIUM',7),(910,10,'H','H10','PREMIUM',7),(911,1,'I','I1','PREMIUM',7),(912,2,'I','I2','PREMIUM',7),(913,3,'I','I3','PREMIUM',7),(914,4,'I','I4','PREMIUM',7),(915,5,'I','I5','PREMIUM',7),(916,6,'I','I6','PREMIUM',7),(917,7,'I','I7','PREMIUM',7),(918,8,'I','I8','PREMIUM',7),(919,9,'I','I9','PREMIUM',7),(920,10,'I','I10','PREMIUM',7),(921,1,'J','J1','PREMIUM',7),(922,2,'J','J2','PREMIUM',7),(923,3,'J','J3','PREMIUM',7),(924,4,'J','J4','PREMIUM',7),(925,5,'J','J5','PREMIUM',7),(926,6,'J','J6','PREMIUM',7),(927,7,'J','J7','PREMIUM',7),(928,8,'J','J8','PREMIUM',7),(929,9,'J','J9','PREMIUM',7),(930,10,'J','J10','PREMIUM',7),(931,1,'K','K1','VIP',7),(932,2,'K','K2','VIP',7),(933,3,'K','K3','VIP',7),(934,4,'K','K4','VIP',7),(935,5,'K','K5','VIP',7),(936,6,'K','K6','VIP',7),(937,7,'K','K7','VIP',7),(938,8,'K','K8','VIP',7),(939,9,'K','K9','VIP',7),(940,10,'K','K10','VIP',7),(941,1,'L','L1','VIP',7),(942,2,'L','L2','VIP',7),(943,3,'L','L3','VIP',7),(944,4,'L','L4','VIP',7),(945,5,'L','L5','VIP',7),(946,6,'L','L6','VIP',7),(947,7,'L','L7','VIP',7),(948,8,'L','L8','VIP',7),(949,9,'L','L9','VIP',7),(950,10,'L','L10','VIP',7),(951,1,'M','M1','VIP',7),(952,2,'M','M2','VIP',7),(953,3,'M','M3','VIP',7),(954,4,'M','M4','VIP',7),(955,5,'M','M5','VIP',7),(956,6,'M','M6','VIP',7),(957,7,'M','M7','VIP',7),(958,8,'M','M8','VIP',7),(959,9,'M','M9','VIP',7),(960,10,'M','M10','VIP',7),(961,1,'A','A1','REGULAR',8),(962,2,'A','A2','REGULAR',8),(963,3,'A','A3','REGULAR',8),(964,4,'A','A4','REGULAR',8),(965,5,'A','A5','REGULAR',8),(966,6,'A','A6','REGULAR',8),(967,7,'A','A7','REGULAR',8),(968,8,'A','A8','REGULAR',8),(969,9,'A','A9','REGULAR',8),(970,10,'A','A10','REGULAR',8),(971,1,'B','B1','REGULAR',8),(972,2,'B','B2','REGULAR',8),(973,3,'B','B3','REGULAR',8),(974,4,'B','B4','REGULAR',8),(975,5,'B','B5','REGULAR',8),(976,6,'B','B6','REGULAR',8),(977,7,'B','B7','REGULAR',8),(978,8,'B','B8','REGULAR',8),(979,9,'B','B9','REGULAR',8),(980,10,'B','B10','REGULAR',8),(981,1,'C','C1','REGULAR',8),(982,2,'C','C2','REGULAR',8),(983,3,'C','C3','REGULAR',8),(984,4,'C','C4','REGULAR',8),(985,5,'C','C5','REGULAR',8),(986,6,'C','C6','REGULAR',8),(987,7,'C','C7','REGULAR',8),(988,8,'C','C8','REGULAR',8),(989,9,'C','C9','REGULAR',8),(990,10,'C','C10','REGULAR',8),(991,1,'D','D1','REGULAR',8),(992,2,'D','D2','REGULAR',8),(993,3,'D','D3','REGULAR',8),(994,4,'D','D4','REGULAR',8),(995,5,'D','D5','REGULAR',8),(996,6,'D','D6','REGULAR',8),(997,7,'D','D7','REGULAR',8),(998,8,'D','D8','REGULAR',8),(999,9,'D','D9','REGULAR',8),(1000,10,'D','D10','REGULAR',8),(1001,1,'E','E1','REGULAR',8),(1002,2,'E','E2','REGULAR',8),(1003,3,'E','E3','REGULAR',8),(1004,4,'E','E4','REGULAR',8),(1005,5,'E','E5','REGULAR',8),(1006,6,'E','E6','REGULAR',8),(1007,7,'E','E7','REGULAR',8),(1008,8,'E','E8','REGULAR',8),(1009,9,'E','E9','REGULAR',8),(1010,10,'E','E10','REGULAR',8),(1011,1,'F','F1','REGULAR',8),(1012,2,'F','F2','REGULAR',8),(1013,3,'F','F3','REGULAR',8),(1014,4,'F','F4','REGULAR',8),(1015,5,'F','F5','REGULAR',8),(1016,6,'F','F6','REGULAR',8),(1017,7,'F','F7','REGULAR',8),(1018,8,'F','F8','REGULAR',8),(1019,9,'F','F9','REGULAR',8),(1020,10,'F','F10','REGULAR',8),(1021,1,'G','G1','PREMIUM',8),(1022,2,'G','G2','PREMIUM',8),(1023,3,'G','G3','PREMIUM',8),(1024,4,'G','G4','PREMIUM',8),(1025,5,'G','G5','PREMIUM',8),(1026,6,'G','G6','PREMIUM',8),(1027,7,'G','G7','PREMIUM',8),(1028,8,'G','G8','PREMIUM',8),(1029,9,'G','G9','PREMIUM',8),(1030,10,'G','G10','PREMIUM',8),(1031,1,'H','H1','PREMIUM',8),(1032,2,'H','H2','PREMIUM',8),(1033,3,'H','H3','PREMIUM',8),(1034,4,'H','H4','PREMIUM',8),(1035,5,'H','H5','PREMIUM',8),(1036,6,'H','H6','PREMIUM',8),(1037,7,'H','H7','PREMIUM',8),(1038,8,'H','H8','PREMIUM',8),(1039,9,'H','H9','PREMIUM',8),(1040,10,'H','H10','PREMIUM',8),(1041,1,'I','I1','VIP',8),(1042,2,'I','I2','VIP',8),(1043,3,'I','I3','VIP',8),(1044,4,'I','I4','VIP',8),(1045,5,'I','I5','VIP',8),(1046,6,'I','I6','VIP',8),(1047,7,'I','I7','VIP',8),(1048,8,'I','I8','VIP',8),(1049,9,'I','I9','VIP',8),(1050,10,'I','I10','VIP',8),(1051,1,'A','A1','REGULAR',9),(1052,2,'A','A2','REGULAR',9),(1053,3,'A','A3','REGULAR',9),(1054,4,'A','A4','REGULAR',9),(1055,5,'A','A5','REGULAR',9),(1056,6,'A','A6','REGULAR',9),(1057,7,'A','A7','REGULAR',9),(1058,8,'A','A8','REGULAR',9),(1059,9,'A','A9','REGULAR',9),(1060,10,'A','A10','REGULAR',9),(1061,1,'B','B1','REGULAR',9),(1062,2,'B','B2','REGULAR',9),(1063,3,'B','B3','REGULAR',9),(1064,4,'B','B4','REGULAR',9),(1065,5,'B','B5','REGULAR',9),(1066,6,'B','B6','REGULAR',9),(1067,7,'B','B7','REGULAR',9),(1068,8,'B','B8','REGULAR',9),(1069,9,'B','B9','REGULAR',9),(1070,10,'B','B10','REGULAR',9),(1071,1,'C','C1','REGULAR',9),(1072,2,'C','C2','REGULAR',9),(1073,3,'C','C3','REGULAR',9),(1074,4,'C','C4','REGULAR',9),(1075,5,'C','C5','REGULAR',9),(1076,6,'C','C6','REGULAR',9),(1077,7,'C','C7','REGULAR',9),(1078,8,'C','C8','REGULAR',9),(1079,9,'C','C9','REGULAR',9),(1080,10,'C','C10','REGULAR',9),(1081,1,'D','D1','REGULAR',9),(1082,2,'D','D2','REGULAR',9),(1083,3,'D','D3','REGULAR',9),(1084,4,'D','D4','REGULAR',9),(1085,5,'D','D5','REGULAR',9),(1086,6,'D','D6','REGULAR',9),(1087,7,'D','D7','REGULAR',9),(1088,8,'D','D8','REGULAR',9),(1089,9,'D','D9','REGULAR',9),(1090,10,'D','D10','REGULAR',9),(1091,1,'E','E1','REGULAR',9),(1092,2,'E','E2','REGULAR',9),(1093,3,'E','E3','REGULAR',9),(1094,4,'E','E4','REGULAR',9),(1095,5,'E','E5','REGULAR',9),(1096,6,'E','E6','REGULAR',9),(1097,7,'E','E7','REGULAR',9),(1098,8,'E','E8','REGULAR',9),(1099,9,'E','E9','REGULAR',9),(1100,10,'E','E10','REGULAR',9),(1101,1,'F','F1','REGULAR',9),(1102,2,'F','F2','REGULAR',9),(1103,3,'F','F3','REGULAR',9),(1104,4,'F','F4','REGULAR',9),(1105,5,'F','F5','REGULAR',9),(1106,6,'F','F6','REGULAR',9),(1107,7,'F','F7','REGULAR',9),(1108,8,'F','F8','REGULAR',9),(1109,9,'F','F9','REGULAR',9),(1110,10,'F','F10','REGULAR',9),(1111,1,'G','G1','REGULAR',9),(1112,2,'G','G2','REGULAR',9),(1113,3,'G','G3','REGULAR',9),(1114,4,'G','G4','REGULAR',9),(1115,5,'G','G5','REGULAR',9),(1116,6,'G','G6','REGULAR',9),(1117,7,'G','G7','REGULAR',9),(1118,8,'G','G8','REGULAR',9),(1119,9,'G','G9','REGULAR',9),(1120,10,'G','G10','REGULAR',9),(1121,1,'H','H1','REGULAR',9),(1122,2,'H','H2','REGULAR',9),(1123,3,'H','H3','REGULAR',9),(1124,4,'H','H4','REGULAR',9),(1125,5,'H','H5','REGULAR',9),(1126,6,'H','H6','REGULAR',9),(1127,7,'H','H7','REGULAR',9),(1128,8,'H','H8','REGULAR',9),(1129,9,'H','H9','REGULAR',9),(1130,10,'H','H10','REGULAR',9),(1131,1,'I','I1','REGULAR',9),(1132,2,'I','I2','REGULAR',9),(1133,3,'I','I3','REGULAR',9),(1134,4,'I','I4','REGULAR',9),(1135,5,'I','I5','REGULAR',9),(1136,6,'I','I6','REGULAR',9),(1137,7,'I','I7','REGULAR',9),(1138,8,'I','I8','REGULAR',9),(1139,9,'I','I9','REGULAR',9),(1140,10,'I','I10','REGULAR',9),(1141,1,'J','J1','REGULAR',9),(1142,2,'J','J2','REGULAR',9),(1143,3,'J','J3','REGULAR',9),(1144,4,'J','J4','REGULAR',9),(1145,5,'J','J5','REGULAR',9),(1146,6,'J','J6','REGULAR',9),(1147,7,'J','J7','REGULAR',9),(1148,8,'J','J8','REGULAR',9),(1149,9,'J','J9','REGULAR',9),(1150,10,'J','J10','REGULAR',9),(1151,1,'K','K1','PREMIUM',9),(1152,2,'K','K2','PREMIUM',9),(1153,3,'K','K3','PREMIUM',9),(1154,4,'K','K4','PREMIUM',9),(1155,5,'K','K5','PREMIUM',9),(1156,6,'K','K6','PREMIUM',9),(1157,7,'K','K7','PREMIUM',9),(1158,8,'K','K8','PREMIUM',9),(1159,9,'K','K9','PREMIUM',9),(1160,10,'K','K10','PREMIUM',9),(1161,1,'L','L1','PREMIUM',9),(1162,2,'L','L2','PREMIUM',9),(1163,3,'L','L3','PREMIUM',9),(1164,4,'L','L4','PREMIUM',9),(1165,5,'L','L5','PREMIUM',9),(1166,6,'L','L6','PREMIUM',9),(1167,7,'L','L7','PREMIUM',9),(1168,8,'L','L8','PREMIUM',9),(1169,9,'L','L9','PREMIUM',9),(1170,10,'L','L10','PREMIUM',9),(1171,1,'M','M1','PREMIUM',9),(1172,2,'M','M2','PREMIUM',9),(1173,3,'M','M3','PREMIUM',9),(1174,4,'M','M4','PREMIUM',9),(1175,5,'M','M5','PREMIUM',9),(1176,6,'M','M6','PREMIUM',9),(1177,7,'M','M7','PREMIUM',9),(1178,8,'M','M8','PREMIUM',9),(1179,9,'M','M9','PREMIUM',9),(1180,10,'M','M10','PREMIUM',9),(1181,1,'N','N1','PREMIUM',9),(1182,2,'N','N2','PREMIUM',9),(1183,3,'N','N3','PREMIUM',9),(1184,4,'N','N4','PREMIUM',9),(1185,5,'N','N5','PREMIUM',9),(1186,6,'N','N6','PREMIUM',9),(1187,7,'N','N7','PREMIUM',9),(1188,8,'N','N8','PREMIUM',9),(1189,9,'N','N9','PREMIUM',9),(1190,10,'N','N10','PREMIUM',9),(1191,1,'O','O1','PREMIUM',9),(1192,2,'O','O2','PREMIUM',9),(1193,3,'O','O3','PREMIUM',9),(1194,4,'O','O4','PREMIUM',9),(1195,5,'O','O5','PREMIUM',9),(1196,6,'O','O6','PREMIUM',9),(1197,7,'O','O7','PREMIUM',9),(1198,8,'O','O8','PREMIUM',9),(1199,9,'O','O9','PREMIUM',9),(1200,10,'O','O10','PREMIUM',9),(1201,1,'P','P1','VIP',9),(1202,2,'P','P2','VIP',9),(1203,3,'P','P3','VIP',9),(1204,4,'P','P4','VIP',9),(1205,5,'P','P5','VIP',9),(1206,6,'P','P6','VIP',9),(1207,7,'P','P7','VIP',9),(1208,8,'P','P8','VIP',9),(1209,9,'P','P9','VIP',9),(1210,10,'P','P10','VIP',9),(1211,1,'Q','Q1','VIP',9),(1212,2,'Q','Q2','VIP',9),(1213,3,'Q','Q3','VIP',9),(1214,4,'Q','Q4','VIP',9),(1215,5,'Q','Q5','VIP',9),(1216,6,'Q','Q6','VIP',9),(1217,7,'Q','Q7','VIP',9),(1218,8,'Q','Q8','VIP',9),(1219,9,'Q','Q9','VIP',9),(1220,10,'Q','Q10','VIP',9),(1221,1,'R','R1','VIP',9),(1222,2,'R','R2','VIP',9),(1223,3,'R','R3','VIP',9),(1224,4,'R','R4','VIP',9),(1225,5,'R','R5','VIP',9),(1226,6,'R','R6','VIP',9),(1227,7,'R','R7','VIP',9),(1228,8,'R','R8','VIP',9),(1229,9,'R','R9','VIP',9),(1230,10,'R','R10','VIP',9),(1231,1,'S','S1','VIP',9),(1232,2,'S','S2','VIP',9),(1233,3,'S','S3','VIP',9),(1234,4,'S','S4','VIP',9),(1235,5,'S','S5','VIP',9),(1236,6,'S','S6','VIP',9),(1237,7,'S','S7','VIP',9),(1238,8,'S','S8','VIP',9),(1239,9,'S','S9','VIP',9),(1240,10,'S','S10','VIP',9),(1241,1,'T','T1','VIP',9),(1242,2,'T','T2','VIP',9),(1243,3,'T','T3','VIP',9),(1244,4,'T','T4','VIP',9),(1245,5,'T','T5','VIP',9),(1246,6,'T','T6','VIP',9),(1247,7,'T','T7','VIP',9),(1248,8,'T','T8','VIP',9),(1249,9,'T','T9','VIP',9),(1250,10,'T','T10','VIP',9),(1251,1,'A','A1','REGULAR',10),(1252,2,'A','A2','REGULAR',10),(1253,3,'A','A3','REGULAR',10),(1254,4,'A','A4','REGULAR',10),(1255,5,'A','A5','REGULAR',10),(1256,6,'A','A6','REGULAR',10),(1257,7,'A','A7','REGULAR',10),(1258,8,'A','A8','REGULAR',10),(1259,9,'A','A9','REGULAR',10),(1260,10,'A','A10','REGULAR',10),(1261,1,'B','B1','REGULAR',10),(1262,2,'B','B2','REGULAR',10),(1263,3,'B','B3','REGULAR',10),(1264,4,'B','B4','REGULAR',10),(1265,5,'B','B5','REGULAR',10),(1266,6,'B','B6','REGULAR',10),(1267,7,'B','B7','REGULAR',10),(1268,8,'B','B8','REGULAR',10),(1269,9,'B','B9','REGULAR',10),(1270,10,'B','B10','REGULAR',10),(1271,1,'C','C1','REGULAR',10),(1272,2,'C','C2','REGULAR',10),(1273,3,'C','C3','REGULAR',10),(1274,4,'C','C4','REGULAR',10),(1275,5,'C','C5','REGULAR',10),(1276,6,'C','C6','REGULAR',10),(1277,7,'C','C7','REGULAR',10),(1278,8,'C','C8','REGULAR',10),(1279,9,'C','C9','REGULAR',10),(1280,10,'C','C10','REGULAR',10),(1281,1,'D','D1','REGULAR',10),(1282,2,'D','D2','REGULAR',10),(1283,3,'D','D3','REGULAR',10),(1284,4,'D','D4','REGULAR',10),(1285,5,'D','D5','REGULAR',10),(1286,6,'D','D6','REGULAR',10),(1287,7,'D','D7','REGULAR',10),(1288,8,'D','D8','REGULAR',10),(1289,9,'D','D9','REGULAR',10),(1290,10,'D','D10','REGULAR',10),(1291,1,'E','E1','PREMIUM',10),(1292,2,'E','E2','PREMIUM',10),(1293,3,'E','E3','PREMIUM',10),(1294,4,'E','E4','PREMIUM',10),(1295,5,'E','E5','PREMIUM',10),(1296,6,'E','E6','PREMIUM',10),(1297,7,'E','E7','PREMIUM',10),(1298,8,'E','E8','PREMIUM',10),(1299,9,'E','E9','PREMIUM',10),(1300,10,'E','E10','PREMIUM',10),(1301,1,'F','F1','PREMIUM',10),(1302,2,'F','F2','PREMIUM',10),(1303,3,'F','F3','PREMIUM',10),(1304,4,'F','F4','PREMIUM',10),(1305,5,'F','F5','PREMIUM',10),(1306,6,'F','F6','PREMIUM',10),(1307,7,'F','F7','PREMIUM',10),(1308,8,'F','F8','PREMIUM',10),(1309,9,'F','F9','PREMIUM',10),(1310,10,'F','F10','PREMIUM',10),(1311,1,'G','G1','VIP',10),(1312,2,'G','G2','VIP',10),(1313,3,'G','G3','VIP',10),(1314,4,'G','G4','VIP',10),(1315,5,'G','G5','VIP',10),(1316,6,'G','G6','VIP',10),(1317,7,'G','G7','VIP',10),(1318,8,'G','G8','VIP',10),(1319,9,'G','G9','VIP',10),(1320,10,'G','G10','VIP',10),(1321,1,'A','A1','REGULAR',9),(1322,2,'A','A2','REGULAR',9),(1323,3,'A','A3','REGULAR',9),(1324,4,'A','A4','REGULAR',9),(1325,5,'A','A5','REGULAR',9),(1326,6,'A','A6','REGULAR',9),(1327,7,'A','A7','REGULAR',9),(1328,8,'A','A8','REGULAR',9),(1329,9,'A','A9','REGULAR',9),(1330,10,'A','A10','REGULAR',9),(1331,1,'B','B1','REGULAR',9),(1332,2,'B','B2','REGULAR',9),(1333,3,'B','B3','REGULAR',9),(1334,4,'B','B4','REGULAR',9),(1335,5,'B','B5','REGULAR',9),(1336,6,'B','B6','REGULAR',9),(1337,7,'B','B7','REGULAR',9),(1338,8,'B','B8','REGULAR',9),(1339,9,'B','B9','REGULAR',9),(1340,10,'B','B10','REGULAR',9),(1341,1,'C','C1','REGULAR',9),(1342,2,'C','C2','REGULAR',9),(1343,3,'C','C3','REGULAR',9),(1344,4,'C','C4','REGULAR',9),(1345,5,'C','C5','REGULAR',9),(1346,6,'C','C6','REGULAR',9),(1347,7,'C','C7','REGULAR',9),(1348,8,'C','C8','REGULAR',9),(1349,9,'C','C9','REGULAR',9),(1350,10,'C','C10','REGULAR',9),(1351,1,'D','D1','REGULAR',9),(1352,2,'D','D2','REGULAR',9),(1353,3,'D','D3','REGULAR',9),(1354,4,'D','D4','REGULAR',9),(1355,5,'D','D5','REGULAR',9),(1356,6,'D','D6','REGULAR',9),(1357,7,'D','D7','REGULAR',9),(1358,8,'D','D8','REGULAR',9),(1359,9,'D','D9','REGULAR',9),(1360,10,'D','D10','REGULAR',9),(1361,1,'E','E1','REGULAR',9),(1362,2,'E','E2','REGULAR',9),(1363,3,'E','E3','REGULAR',9),(1364,4,'E','E4','REGULAR',9),(1365,5,'E','E5','REGULAR',9),(1366,6,'E','E6','REGULAR',9),(1367,7,'E','E7','REGULAR',9),(1368,8,'E','E8','REGULAR',9),(1369,9,'E','E9','REGULAR',9),(1370,10,'E','E10','REGULAR',9),(1371,1,'F','F1','REGULAR',9),(1372,2,'F','F2','REGULAR',9),(1373,3,'F','F3','REGULAR',9),(1374,4,'F','F4','REGULAR',9),(1375,5,'F','F5','REGULAR',9),(1376,6,'F','F6','REGULAR',9),(1377,7,'F','F7','REGULAR',9),(1378,8,'F','F8','REGULAR',9),(1379,9,'F','F9','REGULAR',9),(1380,10,'F','F10','REGULAR',9),(1381,1,'G','G1','REGULAR',9),(1382,2,'G','G2','REGULAR',9),(1383,3,'G','G3','REGULAR',9),(1384,4,'G','G4','REGULAR',9),(1385,5,'G','G5','REGULAR',9),(1386,6,'G','G6','REGULAR',9),(1387,7,'G','G7','REGULAR',9),(1388,8,'G','G8','REGULAR',9),(1389,9,'G','G9','REGULAR',9),(1390,10,'G','G10','REGULAR',9),(1391,1,'H','H1','REGULAR',9),(1392,2,'H','H2','REGULAR',9),(1393,3,'H','H3','REGULAR',9),(1394,4,'H','H4','REGULAR',9),(1395,5,'H','H5','REGULAR',9),(1396,6,'H','H6','REGULAR',9),(1397,7,'H','H7','REGULAR',9),(1398,8,'H','H8','REGULAR',9),(1399,9,'H','H9','REGULAR',9),(1400,10,'H','H10','REGULAR',9),(1401,1,'I','I1','REGULAR',9),(1402,2,'I','I2','REGULAR',9),(1403,3,'I','I3','REGULAR',9),(1404,4,'I','I4','REGULAR',9),(1405,5,'I','I5','REGULAR',9),(1406,6,'I','I6','REGULAR',9),(1407,7,'I','I7','REGULAR',9),(1408,8,'I','I8','REGULAR',9),(1409,9,'I','I9','REGULAR',9),(1410,10,'I','I10','REGULAR',9),(1411,1,'J','J1','REGULAR',9),(1412,2,'J','J2','REGULAR',9),(1413,3,'J','J3','REGULAR',9),(1414,4,'J','J4','REGULAR',9),(1415,5,'J','J5','REGULAR',9),(1416,6,'J','J6','REGULAR',9),(1417,7,'J','J7','REGULAR',9),(1418,8,'J','J8','REGULAR',9),(1419,9,'J','J9','REGULAR',9),(1420,10,'J','J10','REGULAR',9),(1421,1,'K','K1','PREMIUM',9),(1422,2,'K','K2','PREMIUM',9),(1423,3,'K','K3','PREMIUM',9),(1424,4,'K','K4','PREMIUM',9),(1425,5,'K','K5','PREMIUM',9),(1426,6,'K','K6','PREMIUM',9),(1427,7,'K','K7','PREMIUM',9),(1428,8,'K','K8','PREMIUM',9),(1429,9,'K','K9','PREMIUM',9),(1430,10,'K','K10','PREMIUM',9),(1431,1,'L','L1','PREMIUM',9),(1432,2,'L','L2','PREMIUM',9),(1433,3,'L','L3','PREMIUM',9),(1434,4,'L','L4','PREMIUM',9),(1435,5,'L','L5','PREMIUM',9),(1436,6,'L','L6','PREMIUM',9),(1437,7,'L','L7','PREMIUM',9),(1438,8,'L','L8','PREMIUM',9),(1439,9,'L','L9','PREMIUM',9),(1440,10,'L','L10','PREMIUM',9),(1441,1,'M','M1','PREMIUM',9),(1442,2,'M','M2','PREMIUM',9),(1443,3,'M','M3','PREMIUM',9),(1444,4,'M','M4','PREMIUM',9),(1445,5,'M','M5','PREMIUM',9),(1446,6,'M','M6','PREMIUM',9),(1447,7,'M','M7','PREMIUM',9),(1448,8,'M','M8','PREMIUM',9),(1449,9,'M','M9','PREMIUM',9),(1450,10,'M','M10','PREMIUM',9),(1451,1,'N','N1','PREMIUM',9),(1452,2,'N','N2','PREMIUM',9),(1453,3,'N','N3','PREMIUM',9),(1454,4,'N','N4','PREMIUM',9),(1455,5,'N','N5','PREMIUM',9),(1456,6,'N','N6','PREMIUM',9),(1457,7,'N','N7','PREMIUM',9),(1458,8,'N','N8','PREMIUM',9),(1459,9,'N','N9','PREMIUM',9),(1460,10,'N','N10','PREMIUM',9),(1461,1,'O','O1','PREMIUM',9),(1462,2,'O','O2','PREMIUM',9),(1463,3,'O','O3','PREMIUM',9),(1464,4,'O','O4','PREMIUM',9),(1465,5,'O','O5','PREMIUM',9),(1466,6,'O','O6','PREMIUM',9),(1467,7,'O','O7','PREMIUM',9),(1468,8,'O','O8','PREMIUM',9),(1469,9,'O','O9','PREMIUM',9),(1470,10,'O','O10','PREMIUM',9),(1471,1,'P','P1','VIP',9),(1472,2,'P','P2','VIP',9),(1473,3,'P','P3','VIP',9),(1474,4,'P','P4','VIP',9),(1475,5,'P','P5','VIP',9),(1476,6,'P','P6','VIP',9),(1477,7,'P','P7','VIP',9),(1478,8,'P','P8','VIP',9),(1479,9,'P','P9','VIP',9),(1480,10,'P','P10','VIP',9),(1481,1,'Q','Q1','VIP',9),(1482,2,'Q','Q2','VIP',9),(1483,3,'Q','Q3','VIP',9),(1484,4,'Q','Q4','VIP',9),(1485,5,'Q','Q5','VIP',9),(1486,6,'Q','Q6','VIP',9),(1487,7,'Q','Q7','VIP',9),(1488,8,'Q','Q8','VIP',9),(1489,9,'Q','Q9','VIP',9),(1490,10,'Q','Q10','VIP',9),(1491,1,'R','R1','VIP',9),(1492,2,'R','R2','VIP',9),(1493,3,'R','R3','VIP',9),(1494,4,'R','R4','VIP',9),(1495,5,'R','R5','VIP',9),(1496,6,'R','R6','VIP',9),(1497,7,'R','R7','VIP',9),(1498,8,'R','R8','VIP',9),(1499,9,'R','R9','VIP',9),(1500,10,'R','R10','VIP',9),(1501,1,'S','S1','VIP',9),(1502,2,'S','S2','VIP',9),(1503,3,'S','S3','VIP',9),(1504,4,'S','S4','VIP',9),(1505,5,'S','S5','VIP',9),(1506,6,'S','S6','VIP',9),(1507,7,'S','S7','VIP',9),(1508,8,'S','S8','VIP',9),(1509,9,'S','S9','VIP',9),(1510,10,'S','S10','VIP',9),(1511,1,'T','T1','VIP',9),(1512,2,'T','T2','VIP',9),(1513,3,'T','T3','VIP',9),(1514,4,'T','T4','VIP',9),(1515,5,'T','T5','VIP',9),(1516,6,'T','T6','VIP',9),(1517,7,'T','T7','VIP',9),(1518,8,'T','T8','VIP',9),(1519,9,'T','T9','VIP',9),(1520,10,'T','T10','VIP',9),(1521,1,'A','A1','REGULAR',10),(1522,2,'A','A2','REGULAR',10),(1523,3,'A','A3','REGULAR',10),(1524,4,'A','A4','REGULAR',10),(1525,5,'A','A5','REGULAR',10),(1526,6,'A','A6','REGULAR',10),(1527,7,'A','A7','REGULAR',10),(1528,8,'A','A8','REGULAR',10),(1529,9,'A','A9','REGULAR',10),(1530,10,'A','A10','REGULAR',10),(1531,1,'B','B1','REGULAR',10),(1532,2,'B','B2','REGULAR',10),(1533,3,'B','B3','REGULAR',10),(1534,4,'B','B4','REGULAR',10),(1535,5,'B','B5','REGULAR',10),(1536,6,'B','B6','REGULAR',10),(1537,7,'B','B7','REGULAR',10),(1538,8,'B','B8','REGULAR',10),(1539,9,'B','B9','REGULAR',10),(1540,10,'B','B10','REGULAR',10),(1541,1,'C','C1','REGULAR',10),(1542,2,'C','C2','REGULAR',10),(1543,3,'C','C3','REGULAR',10),(1544,4,'C','C4','REGULAR',10),(1545,5,'C','C5','REGULAR',10),(1546,6,'C','C6','REGULAR',10),(1547,7,'C','C7','REGULAR',10),(1548,8,'C','C8','REGULAR',10),(1549,9,'C','C9','REGULAR',10),(1550,10,'C','C10','REGULAR',10),(1551,1,'D','D1','REGULAR',10),(1552,2,'D','D2','REGULAR',10),(1553,3,'D','D3','REGULAR',10),(1554,4,'D','D4','REGULAR',10),(1555,5,'D','D5','REGULAR',10),(1556,6,'D','D6','REGULAR',10),(1557,7,'D','D7','REGULAR',10),(1558,8,'D','D8','REGULAR',10),(1559,9,'D','D9','REGULAR',10),(1560,10,'D','D10','REGULAR',10),(1561,1,'E','E1','PREMIUM',10),(1562,2,'E','E2','PREMIUM',10),(1563,3,'E','E3','PREMIUM',10),(1564,4,'E','E4','PREMIUM',10),(1565,5,'E','E5','PREMIUM',10),(1566,6,'E','E6','PREMIUM',10),(1567,7,'E','E7','PREMIUM',10),(1568,8,'E','E8','PREMIUM',10),(1569,9,'E','E9','PREMIUM',10),(1570,10,'E','E10','PREMIUM',10),(1571,1,'F','F1','PREMIUM',10),(1572,2,'F','F2','PREMIUM',10),(1573,3,'F','F3','PREMIUM',10),(1574,4,'F','F4','PREMIUM',10),(1575,5,'F','F5','PREMIUM',10),(1576,6,'F','F6','PREMIUM',10),(1577,7,'F','F7','PREMIUM',10),(1578,8,'F','F8','PREMIUM',10),(1579,9,'F','F9','PREMIUM',10),(1580,10,'F','F10','PREMIUM',10),(1581,1,'G','G1','VIP',10),(1582,2,'G','G2','VIP',10),(1583,3,'G','G3','VIP',10),(1584,4,'G','G4','VIP',10),(1585,5,'G','G5','VIP',10),(1586,6,'G','G6','VIP',10),(1587,7,'G','G7','VIP',10),(1588,8,'G','G8','VIP',10),(1589,9,'G','G9','VIP',10),(1590,10,'G','G10','VIP',10);
/*!40000 ALTER TABLE `seats` ENABLE KEYS */;
UNLOCK TABLES;

--
-- Table structure for table `shows`
--

DROP TABLE IF EXISTS `shows`;
/*!40101 SET @saved_cs_client     = @@character_set_client */;
/*!50503 SET character_set_client = utf8mb4 */;
CREATE TABLE `shows` (
  `id` bigint NOT NULL AUTO_INCREMENT,
  `end_time` time NOT NULL,
  `show_date` date NOT NULL,
  `start_time` time NOT NULL,
  `ticket_price` double NOT NULL,
  `movie_id` bigint NOT NULL,
  `screen_id` bigint NOT NULL,
  PRIMARY KEY (`id`),
  KEY `FKqdpwhiv5r3lx844pct0eudapk` (`movie_id`),
  KEY `FKl8acj48ghject9oq8aq8qjqmp` (`screen_id`),
  CONSTRAINT `FKl8acj48ghject9oq8aq8qjqmp` FOREIGN KEY (`screen_id`) REFERENCES `screens` (`id`),
  CONSTRAINT `FKqdpwhiv5r3lx844pct0eudapk` FOREIGN KEY (`movie_id`) REFERENCES `movies` (`id`)
) ENGINE=InnoDB AUTO_INCREMENT=11 DEFAULT CHARSET=utf8mb4 COLLATE=utf8mb4_0900_ai_ci;
/*!40101 SET character_set_client = @saved_cs_client */;

--
-- Dumping data for table `shows`
--

LOCK TABLES `shows` WRITE;
/*!40000 ALTER TABLE `shows` DISABLE KEYS */;
INSERT INTO `shows` VALUES (1,'13:00:00','2026-04-10','10:00:00',250,1,1),(2,'16:15:00','2026-04-10','13:30:00',220,2,2),(3,'19:30:00','2026-04-10','16:30:00',300,3,3),(4,'12:00:00','2026-04-11','09:00:00',200,4,4),(5,'15:30:00','2026-04-11','12:30:00',280,5,5),(6,'18:15:00','2026-04-11','15:45:00',180,6,6),(7,'13:00:00','2026-04-12','10:15:00',240,7,7),(8,'16:30:00','2026-04-12','13:30:00',260,8,8),(9,'20:00:00','2026-04-12','17:00:00',320,9,9),(10,'21:00:00','2026-04-13','18:30:00',350,10,10);
/*!40000 ALTER TABLE `shows` ENABLE KEYS */;
UNLOCK TABLES;

--
-- Table structure for table `theaters`
--

DROP TABLE IF EXISTS `theaters`;
/*!40101 SET @saved_cs_client     = @@character_set_client */;
/*!50503 SET character_set_client = utf8mb4 */;
CREATE TABLE `theaters` (
  `id` bigint NOT NULL AUTO_INCREMENT,
  `address` varchar(255) NOT NULL,
  `name` varchar(255) NOT NULL,
  `city_id` bigint NOT NULL,
  PRIMARY KEY (`id`),
  KEY `FKexd40c1hy4rikvj5fcvutjwij` (`city_id`),
  CONSTRAINT `FKexd40c1hy4rikvj5fcvutjwij` FOREIGN KEY (`city_id`) REFERENCES `cities` (`id`)
) ENGINE=InnoDB AUTO_INCREMENT=11 DEFAULT CHARSET=utf8mb4 COLLATE=utf8mb4_0900_ai_ci;
/*!40101 SET character_set_client = @saved_cs_client */;

--
-- Dumping data for table `theaters`
--

LOCK TABLES `theaters` WRITE;
/*!40000 ALTER TABLE `theaters` DISABLE KEYS */;
INSERT INTO `theaters` VALUES (1,'Lower Parel, Mumbai','PVR Phoenix Mall',1),(2,'Nehru Place, Delhi','INOX Nehru Place',2),(3,'Koramangala, Bengaluru','Cinepolis Forum Mall',3),(4,'Royapettah, Chennai','SPI Sathyam Cinemas',4),(5,'Jadavpur, Kolkata','INOX South City Mall',5),(6,'Panjagutta, Hyderabad','PVR Irrum Manzil',6),(7,'Kothrud, Pune','City Pride Kothrud',7),(8,'Vastrapur, Ahmedabad','Cinepolis AlphaOne Mall',8),(9,'MI Road, Jaipur','Raj Mandir Cinema',9),(10,'Gomti Nagar, Lucknow','Wave Cinemas',10);
/*!40000 ALTER TABLE `theaters` ENABLE KEYS */;
UNLOCK TABLES;

--
-- Table structure for table `users`
--

DROP TABLE IF EXISTS `users`;
/*!40101 SET @saved_cs_client     = @@character_set_client */;
/*!50503 SET character_set_client = utf8mb4 */;
CREATE TABLE `users` (
  `id` bigint NOT NULL AUTO_INCREMENT,
  `city` varchar(255) NOT NULL,
  `create_at` datetime(6) NOT NULL,
  `email` varchar(255) NOT NULL,
  `name` varchar(255) NOT NULL,
  `password` varchar(255) NOT NULL,
  `phone` varchar(255) NOT NULL,
  PRIMARY KEY (`id`),
  UNIQUE KEY `UK6dotkott2kjsp8vw4d0m25fb7` (`email`)
) ENGINE=InnoDB AUTO_INCREMENT=11 DEFAULT CHARSET=utf8mb4 COLLATE=utf8mb4_0900_ai_ci;
/*!40101 SET character_set_client = @saved_cs_client */;

--
-- Dumping data for table `users`
--

LOCK TABLES `users` WRITE;
/*!40000 ALTER TABLE `users` DISABLE KEYS */;
INSERT INTO `users` VALUES (1,'Mumbai','2026-04-04 21:27:25.566053','amit.sharma1@example.com','Amit Sharma','pass123','9876543210'),(2,'Delhi','2026-04-04 21:28:49.831372','priya.verma2@example.com','Priya Verma','pass123','9876543211'),(3,'Pune','2026-04-04 21:29:20.087726','rahul.mehta3@example.com','Rahul Mehta','pass123','9876543212'),(4,'Nagpur','2026-04-04 21:29:40.425951','sneha.patil4@example.com','Sneha Patil','pass123','9876543213'),(5,'Jaipur','2026-04-04 21:29:56.372606','vikram.singh5@example.com','Vikram Singh','pass123','9876543214'),(6,'Lucknow','2026-04-04 21:30:08.592253','neha.gupta6@example.com','Neha Gupta','pass123','9876543215'),(7,'Hyderabad','2026-04-04 21:30:22.134620','arjun.reddy7@example.com','Arjun Reddy','pass123','9876543216'),(8,'Kochi','2026-04-04 21:30:40.158532','kavita.nair8@example.com','Kavita Nair','pass123','9876543217'),(9,'Kolkata','2026-04-04 21:30:53.831637','rohit.das9@example.com','Rohit Das','pass123','9876543218'),(10,'Bengaluru','2026-04-04 21:31:06.013014','pooja.kulkarni10@example.com','Pooja Kulkarni','pass123','9876543219');
/*!40000 ALTER TABLE `users` ENABLE KEYS */;
UNLOCK TABLES;
/*!40103 SET TIME_ZONE=@OLD_TIME_ZONE */;

/*!40101 SET SQL_MODE=@OLD_SQL_MODE */;
/*!40014 SET FOREIGN_KEY_CHECKS=@OLD_FOREIGN_KEY_CHECKS */;
/*!40014 SET UNIQUE_CHECKS=@OLD_UNIQUE_CHECKS */;
/*!40101 SET CHARACTER_SET_CLIENT=@OLD_CHARACTER_SET_CLIENT */;
/*!40101 SET CHARACTER_SET_RESULTS=@OLD_CHARACTER_SET_RESULTS */;
/*!40101 SET COLLATION_CONNECTION=@OLD_COLLATION_CONNECTION */;
/*!40111 SET SQL_NOTES=@OLD_SQL_NOTES */;

-- Dump completed on 2026-04-12 10:36:40
